Designator,Val,Package,Mid X,Mid Y,Rotation,Layer
BZ1,Buzzer,Buzzer_TDK_PS1240P02BT_D12.2mm_H6.5mm,127.629216,-113.75,0.0,top
C1,100n,C_0603_1608Metric_Pad1.08x0.95mm_HandSolder,103.275,-100.7,0.0,top
C10,2.2u,C_0805_2012Metric_Pad1.18x1.45mm_HandSolder,162.75,-98.0,90.0,top
C11,22u,C_0603_1608Metric_Pad1.08x0.95mm_HandSolder,116.1125,-110.0,0.0,top
C12,100n,C_0603_1608Metric_Pad1.08x0.95mm_HandSolder,175.8875,-89.25,0.0,top
C13,1u,C_0603_1608Metric_Pad1.08x0.95mm_HandSolder,129.25,-94.0,-90.0,top
C14,100n,C_0603_1608Metric_Pad1.08x0.95mm_HandSolder,136.25,-89.0,0.0,top
C15,100n,C_0603_1608Metric_Pad1.08x0.95mm_HandSolder,175.8625,-87.5,0.0,top
C16,1u,C_0805_2012Metric_Pad1.18x1.45mm_HandSolder,166.0,-101.25,0.0,top
C17,100n,C_0603_1608Metric_Pad1.08x0.95mm_HandSolder,156.75,-96.75,90.0,top
C18,10u,C_1210_3225Metric_Pad1.33x2.70mm_HandSolder,141.0,-107.25,90.0,top
C19,10u,C_1210_3225Metric_Pad1.33x2.70mm_HandSolder,165.6875,-105.5,0.0,top
C2,4.7u,C_1206_3216Metric_Pad1.33x1.80mm_HandSolder,108.75,-104.55,-90.0,top
C20,2.2u,C_0805_2012Metric_Pad1.18x1.45mm_HandSolder,121.5,-99.5,180.0,top
C21,470u,CP_Radial_D10.0mm_P5.00mm,137.25,-98.132323,-90.0,top
C22,470u,CP_Radial_D10.0mm_P5.00mm,148.25,-98.132323,-90.0,top
C23,10u,C_1210_3225Metric_Pad1.33x2.70mm_HandSolder,151.0,-107.5,90.0,top
C24,100n,C_0603_1608Metric_Pad1.08x0.95mm_HandSolder,175.8625,-85.75,0.0,top
C3,100n,C_0603_1608Metric_Pad1.08x0.95mm_HandSolder,106.5,-104.3875,-90.0,top
C4,4.7u,C_0603_1608Metric_Pad1.08x0.95mm_HandSolder,163.1875,-81.5,0.0,top
C5,100n,C_0603_1608Metric_Pad1.08x0.95mm_HandSolder,174.0,-92.575,180.0,top
C6,100n,C_0603_1608Metric_Pad1.08x0.95mm_HandSolder,163.1875,-83.25,0.0,top
C7,100n,C_0603_1608Metric_Pad1.08x0.95mm_HandSolder,166.8875,-81.575,0.0,top
C8,1u,C_0603_1608Metric_Pad1.08x0.95mm_HandSolder,166.8625,-79.75,0.0,top
C9,1u,C_0805_2012Metric_Pad1.18x1.45mm_HandSolder,170.75,-98.0,90.0,top
D1,RED,LED_0805_2012Metric_Pad1.15x1.40mm_HandSolder,119.425,-106.525,90.0,top
D2,PTVS3V3S1UR,Nexperia_CFP3_SOD-123W,104.5,-97.5,0.0,top
D3,PTVS3V3S1UR,Nexperia_CFP3_SOD-123W,116.0,-117.5,-90.0,top
D4,SS24FL,D_SOD-123F,145.75,-108.25,0.0,top
D5,SMAJ33A,D_SMA,109.75,-92.25,90.0,top
D6,PESD3V3L5UY,SOT-363_SC-70-6,188.0,-101.0,180.0,top
F1,12A,Fuse_2512_6332Metric_Pad1.52x3.35mm_HandSolder,114.0,-92.5,-90.0,top
FB1,600R@100MHz,L_0603_1608Metric_Pad1.05x0.95mm_HandSolder,163.125,-79.75,180.0,top
J2,USB_C_Receptacle_USB2.0_16P,USB_C_Receptacle_GCT_USB4105-xx-A_16P_TopMnt_Horizontal,130.5,-83.14,180.0,top
J3,JST-XH,JST_XH_S2B-XH-A_1x02_P2.50mm_Horizontal,165.25,-111.805,0.0,top
J5,XT30,AMASS_XT30PW-F_1x02_P2.50mm_Horizontal,146.0,-115.575,180.0,top
J6,XT30,AMASS_XT30PW-F_1x02_P2.50mm_Horizontal,113.5,-83.925,0.0,top
L1,22u,L_1812_4532Metric_Pad1.30x3.40mm_HandSolder,113.5,-105.0,0.0,top
Q1,AO4262E,SO-8_3.9x4.9mm_P1.27mm,156.5,-111.325,-90.0,top
Q2,SUD50P06-15,TO-252-2,122.5,-94.5725,0.0,top
Q3,BSS138,SOT-23,134.0,-107.5,180.0,top
R1,120,R_0603_1608Metric_Pad0.98x0.95mm_HandSolder,118.6,-103.75,0.0,top
R10,47K,R_0603_1608Metric_Pad0.98x0.95mm_HandSolder,114.3375,-97.75,0.0,top
R11,10K,R_0603_1608Metric_Pad0.98x0.95mm_HandSolder,156.8375,-119.5,180.0,top
R12,4K7,R_0603_1608Metric_Pad0.98x0.95mm_HandSolder,127.0,-104.75,0.0,top
R13,47K,R_0603_1608Metric_Pad0.98x0.95mm_HandSolder,114.3375,-99.5,180.0,top
R14,10K,R_0603_1608Metric_Pad0.98x0.95mm_HandSolder,184.25,-96.75,90.0,top
R15,10K,R_0603_1608Metric_Pad0.98x0.95mm_HandSolder,182.5,-96.75,90.0,top
R16,10K,R_0603_1608Metric_Pad0.98x0.95mm_HandSolder,180.75,-96.75,90.0,top
R17,10K,R_0603_1608Metric_Pad0.98x0.95mm_HandSolder,179.0,-96.75,90.0,top
R18,1K,R_0603_1608Metric_Pad0.98x0.95mm_HandSolder,118.5875,-102.0,0.0,top
R19,4K7,R_0603_1608Metric_Pad0.98x0.95mm_HandSolder,137.25,-115.0,-90.0,top
R2,412K,R_0603_1608Metric_Pad0.98x0.95mm_HandSolder,105.325,-108.25,180.0,top
R20,10K,R_0603_1608Metric_Pad0.98x0.95mm_HandSolder,174.3375,-83.25,180.0,top
R21,100K,R_0603_1608Metric_Pad0.98x0.95mm_HandSolder,135.25,-115.0,-90.0,top
R3,200K,R_0603_1608Metric_Pad0.98x0.95mm_HandSolder,103.675,-106.5,180.0,top
R4,100K,R_0603_1608Metric_Pad0.98x0.95mm_HandSolder,136.25,-90.75,180.0,top
R5,10K,R_0603_1608Metric_Pad0.98x0.95mm_HandSolder,118.25,-118.0,90.0,top
R6,2.2K,R_0603_1608Metric_Pad0.98x0.95mm_HandSolder,170.5,-115.5875,90.0,top
R7,22,R_0603_1608Metric_Pad0.98x0.95mm_HandSolder,155.3875,-101.25,-90.0,top
R8,22,R_0603_1608Metric_Pad0.98x0.95mm_HandSolder,156.25,-104.0,180.0,top
R9,47K,R_0603_1608Metric_Pad0.98x0.95mm_HandSolder,126.0,-102.0,-90.0,top
SW1,SW_SPST,SW_SPST_PTS647_Sx38,104.5,-92.5,-90.0,top
SW2,SW_SPST,SW_SPST_PTS647_Sx38,110.5,-114.5,0.0,top
SW3,SW_SPST,SW_SPST_PTS647_Sx38,174.5,-107.5,-90.0,top
SW4,SW_SPST,SW_SPST_PTS647_Sx38,187.75,-107.5,-90.0,top
SW5,SW_SPST,SW_SPST_PTS647_Sx38,181.25,-101.75,180.0,top
SW6,SW_SPST,SW_SPST_PTS647_Sx38,181.25,-113.25,180.0,top
SW7,SW_SPST,SW_SPST_PTS647_Sx38,181.25,-107.5,180.0,top
U1,L78L12ABU,SOT-89-3,166.75,-97.49875,90.0,top
U2,TPS560430,SOT-23-6,103.25,-103.75,0.0,top
U3,STM32G431KBTx,LQFP-32_7x7mm_P0.8mm,168.75,-87.75,180.0,top
U4,D5V0P4UR6SO-7,SOT-23-6,157.25,-87.5,0.0,top
U5,TPD6S300A,WQFN-20-1EP_3x3mm_P0.4mm_EP1.7x1.7mm_ThermalVias,131.25,-90.5,-90.0,top
U6,UCC27511ADBV,SOT-23-6,158.5,-100.5,0.0,top
